{
  "backend": "netCDF",
  "data_size_in_memory_MB": 275.79914569854736,
  "groupby": [
    "scenario",
    "variable"
  ],
  "index_as_category_type": true,
  "index_size_as_frame_in_memory_kb": 463.9375,
  "index_size_in_memory_kb": 465.2001953125,
  "max_workers": 4,
  "n_scenarios": 30,
  "n_time_points": 401,
  "n_timeseries": 90000,
  "n_variables": 5,
  "test_case": "magicc_full_output",
  "time_all_in_one_write": 0.29815350007265806,
  "time_db_grouped_write": 1.195307333022356,
  "time_db_grouped_write_parallel": 1.0387045829556882,
  "time_delete": 0.012472083792090416,
  "time_groupby_write": 1.015548249706626,
  "time_save_file_map_not_db": 0.03574037505313754,
  "time_save_index_not_db": 0.016416541300714016,
  "time_save_index_not_db_as_category": 0.008624042384326458
}
