{
  "backend": "feather",
  "data_size_in_memory_MB": 91.94674968719482,
  "groupby": [
    "scenario",
    "variable"
  ],
  "index_as_category_type": true,
  "index_size_as_frame_in_memory_kb": 5162.23828125,
  "index_size_in_memory_kb": 169.0966796875,
  "max_workers": 4,
  "n_scenarios": 10,
  "n_time_points": 401,
  "n_timeseries": 30000,
  "n_variables": 5,
  "pandas-openscm_commit": "fc5343619d35ec940a8a4460861fc0881a2e3938-dirty",
  "pandas-openscm_version": "0.1.1a1",
  "platform_info": "macOS-14.3-arm64-arm-64bit-Mach-O",
  "test_case": "magicc_full_output",
  "time_all_in_one_write": 0.12038154201582074,
  "time_db_grouped_write": 0.947214791085571,
  "time_db_grouped_write_parallel": 0.7834288328886032,
  "time_db_load": 0.25479687517508864,
  "time_db_load_parallel": 0.560476207640022,
  "time_delete": 0.0034139580093324184,
  "time_groupby_write": 0.9079165840521455,
  "time_save_file_map_not_db": 0.0018562921322882175,
  "time_save_index_not_db": 0.007288999855518341
}
