{
  "backend": "feather",
  "data_size_in_memory_MB": 91.94674968719482,
  "groupby": [
    "scenario",
    "variable"
  ],
  "index_as_category_type": false,
  "index_size_as_frame_in_memory_kb": 5162.23828125,
  "index_size_in_memory_kb": 169.0966796875,
  "max_workers": 4,
  "n_scenarios": 10,
  "n_time_points": 401,
  "n_timeseries": 30000,
  "n_variables": 5,
  "pandas-openscm_commit": "fc5343619d35ec940a8a4460861fc0881a2e3938-dirty",
  "pandas-openscm_version": "0.1.1a1",
  "platform_info": "macOS-14.3-arm64-arm-64bit-Mach-O",
  "test_case": "magicc_full_output",
  "time_all_in_one_write": 0.11985537502914667,
  "time_db_grouped_write": 0.9626475409604609,
  "time_db_grouped_write_parallel": 0.723254875279963,
  "time_db_load": 0.257791250012815,
  "time_db_load_parallel": 0.5803892919793725,
  "time_delete": 0.003590458072721958,
  "time_groupby_write": 0.9054942498914897,
  "time_save_file_map_not_db": 0.0017875838093459606,
  "time_save_index_not_db": 0.00355283310636878
}
