{
  "backend": "csv",
  "data_size_in_memory_MB": 91.94674968719482,
  "groupby": [
    "scenario",
    "variable"
  ],
  "index_as_category_type": false,
  "index_size_as_frame_in_memory_kb": 5162.23828125,
  "index_size_in_memory_kb": 169.0966796875,
  "max_workers": 4,
  "n_scenarios": 10,
  "n_time_points": 401,
  "n_timeseries": 30000,
  "n_variables": 5,
  "pandas-openscm_commit": "fc5343619d35ec940a8a4460861fc0881a2e3938-dirty",
  "pandas-openscm_version": "0.1.1a1",
  "platform_info": "macOS-14.3-arm64-arm-64bit-Mach-O",
  "test_case": "magicc_full_output",
  "time_all_in_one_write": 6.856100874952972,
  "time_db_grouped_write": 7.022817959077656,
  "time_db_grouped_write_parallel": 2.397184041328728,
  "time_db_load": 1.1161152077838778,
  "time_db_load_parallel": 0.8303059167228639,
  "time_delete": 0.005188833922147751,
  "time_groupby_write": 6.963789958972484,
  "time_save_file_map_not_db": 0.03042195877060294,
  "time_save_index_not_db": 0.020635291934013367
}
