{
  "backend": "netCDF",
  "data_size_in_memory_MB": 919.2786283493042,
  "db_size_on_disk_MB": 956.3812599182129,
  "delete_time": 0.15101737529039383,
  "groupby": [
    "scenario",
    "variable"
  ],
  "id": "full_scm_output",
  "index_as_category_type": false,
  "index_size_as_frame_in_memory_kb": 59384.89453125,
  "index_size_in_memory_kb": 1497.5654296875,
  "load_time": 3.948739666957408,
  "load_time_parallel": 3.194922999944538,
  "max_workers": 8,
  "n_db_files": 500,
  "n_scenarios": 100,
  "n_time_points": 401,
  "n_timeseries": 300000,
  "n_variables": 5,
  "pandas-openscm_commit": "53479d6df2ca6c8ea5e5001221bdc25e3e86b4d8",
  "pandas-openscm_version": "0.1.1a1",
  "platform_info": "macOS-14.3-arm64-arm-64bit",
  "python_version": "3.11.11",
  "save_time": 5.551653583068401,
  "save_time_parallel": 2.862014291808009
}
