{
  "backend": "csv",
  "data_size_in_memory_MB": 0.07415771484375,
  "groupby": [
    "scenario",
    "variable"
  ],
  "index_as_category_type": false,
  "index_size_as_frame_in_memory_kb": 14.7919921875,
  "index_size_in_memory_kb": 2.109375,
  "max_workers": 4,
  "n_scenarios": 1,
  "n_time_points": 126,
  "n_timeseries": 75,
  "n_variables": 5,
  "pandas-openscm_commit": "33bcf592aad6d4cbe4d066bff30e2c8c8c02bbf9-dirty",
  "pandas-openscm_version": "0.1.1a1",
  "platform_info": "macOS-14.3-arm64-arm-64bit",
  "python_version": "3.11.11",
  "test_case": "magicc_future_quantiles",
  "time_all_in_one_write": 0.007259957958012819,
  "time_db_grouped_write": 0.011907749809324741,
  "time_db_grouped_write_parallel": 0.47612725012004375,
  "time_db_load": 0.011555125005543232,
  "time_db_load_parallel": 0.46006745798513293,
  "time_delete": 0.0009813751094043255,
  "time_groupby_write": 0.011619542259722948,
  "time_save_file_map_not_db": 0.0003955420106649399,
  "time_save_index_not_db": 0.001005958765745163
}
