{
  "backend": "csv",
  "data_size_in_memory_MB": 7.250445365905762,
  "groupby": [
    "scenario",
    "variable"
  ],
  "index_as_category_type": true,
  "index_size_as_frame_in_memory_kb": 1473.029296875,
  "index_size_in_memory_kb": 41.6435546875,
  "max_workers": 4,
  "n_scenarios": 100,
  "n_time_points": 126,
  "n_timeseries": 7500,
  "n_variables": 5,
  "pandas-openscm_commit": "33bcf592aad6d4cbe4d066bff30e2c8c8c02bbf9-dirty",
  "pandas-openscm_version": "0.1.1a1",
  "platform_info": "macOS-14.3-arm64-arm-64bit",
  "python_version": "3.11.11",
  "test_case": "magicc_future_quantiles",
  "time_all_in_one_write": 0.5659620421938598,
  "time_db_grouped_write": 1.0064168749377131,
  "time_db_grouped_write_parallel": 0.8121814168989658,
  "time_db_load": 0.6120565417222679,
  "time_db_load_parallel": 0.5974345826543868,
  "time_delete": 0.021546249743551016,
  "time_groupby_write": 0.8143117078579962,
  "time_save_file_map_not_db": 0.008124792017042637,
  "time_save_index_not_db": 0.007118625100702047
}
