{
  "backend": "feather",
  "data_size_in_memory_MB": 0.7305479049682617,
  "db_size_on_disk_MB": 0.7940502166748047,
  "delete_time": 0.0007605003193020821,
  "groupby": null,
  "id": "scm_future_quantiles_output",
  "index_as_category_type": false,
  "index_size_as_frame_in_memory_kb": 148.517578125,
  "index_size_in_memory_kb": 9.7998046875,
  "load_time": 0.00672483304515481,
  "load_time_parallel": 0.34491924988105893,
  "max_workers": 8,
  "n_db_files": 1,
  "n_scenarios": 1,
  "n_time_points": 126,
  "n_timeseries": 750,
  "n_variables": 50,
  "pandas-openscm_commit": "53479d6df2ca6c8ea5e5001221bdc25e3e86b4d8",
  "pandas-openscm_version": "0.1.1a1",
  "platform_info": "macOS-14.3-arm64-arm-64bit",
  "python_version": "3.11.11",
  "save_time": 0.011914417147636414,
  "save_time_parallel": 0.41852404223755
}
