{
  "backend": "csv",
  "data_size_in_memory_MB": 275.79846477508545,
  "db_size_on_disk_MB": 641.1137428283691,
  "delete_time": 0.0520885419100523,
  "groupby": null,
  "id": "full_scm_output",
  "index_as_category_type": false,
  "index_size_as_frame_in_memory_kb": 17795.05078125,
  "index_size_in_memory_kb": 464.5029296875,
  "load_time": 3.2021221672184765,
  "load_time_parallel": 4.0987772908993065,
  "max_workers": 8,
  "n_db_files": 1,
  "n_scenarios": 30,
  "n_time_points": 401,
  "n_timeseries": 90000,
  "n_variables": 5,
  "pandas-openscm_commit": "53479d6df2ca6c8ea5e5001221bdc25e3e86b4d8",
  "pandas-openscm_version": "0.1.1a1",
  "platform_info": "macOS-14.3-arm64-arm-64bit",
  "python_version": "3.11.11",
  "save_time": 23.917210458312184,
  "save_time_parallel": 23.74492562469095
}
