{
  "backend": "netCDF",
  "data_size_in_memory_MB": 21.76577663421631,
  "groupby": [
    "scenario",
    "variable"
  ],
  "index_as_category_type": false,
  "index_size_as_frame_in_memory_kb": 4434.943359375,
  "index_size_in_memory_kb": 139.7177734375,
  "max_workers": 4,
  "n_scenarios": 300,
  "n_time_points": 126,
  "n_timeseries": 22500,
  "n_variables": 5,
  "pandas-openscm_commit": "a5026e61e99f746e86e6a5b951762c7cc6c130ff",
  "pandas-openscm_version": "0.1.1a1",
  "platform_info": "macOS-14.3-arm64-arm-64bit",
  "python_version": "3.11.11",
  "test_case": "magicc_future_quantiles",
  "time_all_in_one_write": 0.02935741702094674,
  "time_db_grouped_write": 8.808700750116259,
  "time_db_grouped_write_parallel": 3.2174487090669572,
  "time_db_load": 5.641013083048165,
  "time_db_load_parallel": 2.215496374759823,
  "time_delete": 0.08125458424910903,
  "time_groupby_write": 8.77118645887822,
  "time_save_file_map_not_db": 0.009458040818572044,
  "time_save_index_not_db": 0.011486417148262262
}
