{
  "backend": "csv",
  "data_size_in_memory_MB": 0.07415771484375,
  "groupby": [
    "scenario",
    "variable"
  ],
  "index_as_category_type": true,
  "index_size_as_frame_in_memory_kb": 14.7919921875,
  "index_size_in_memory_kb": 2.109375,
  "max_workers": 4,
  "n_scenarios": 1,
  "n_time_points": 126,
  "n_timeseries": 75,
  "n_variables": 5,
  "pandas-openscm_commit": "33bcf592aad6d4cbe4d066bff30e2c8c8c02bbf9-dirty",
  "pandas-openscm_version": "0.1.1a1",
  "platform_info": "macOS-14.3-arm64-arm-64bit",
  "python_version": "3.11.11",
  "test_case": "magicc_future_quantiles",
  "time_all_in_one_write": 0.007562416605651379,
  "time_db_grouped_write": 0.012850417289882898,
  "time_db_grouped_write_parallel": 0.4635222079232335,
  "time_db_load": 0.010305459145456553,
  "time_db_load_parallel": 0.47317299991846085,
  "time_delete": 0.0008313748985528946,
  "time_groupby_write": 0.01006720820441842,
  "time_save_file_map_not_db": 0.00034900009632110596,
  "time_save_index_not_db": 0.0007053338922560215
}
