{
  "backend": "csv",
  "data_size_in_memory_MB": 919.2786283493042,
  "db_size_on_disk_MB": 2137.1745767593384,
  "delete_time": 0.31053608376532793,
  "groupby": null,
  "id": "full_scm_output",
  "index_as_category_type": false,
  "index_size_as_frame_in_memory_kb": 59384.89453125,
  "index_size_in_memory_kb": 1497.5654296875,
  "load_time": 10.274163458961993,
  "load_time_parallel": 10.487558541819453,
  "max_workers": 8,
  "n_db_files": 1,
  "n_scenarios": 100,
  "n_time_points": 401,
  "n_timeseries": 300000,
  "n_variables": 5,
  "pandas-openscm_commit": "53479d6df2ca6c8ea5e5001221bdc25e3e86b4d8",
  "pandas-openscm_version": "0.1.1a1",
  "platform_info": "macOS-14.3-arm64-arm-64bit",
  "python_version": "3.11.11",
  "save_time": 80.24635800020769,
  "save_time_parallel": 78.67754887463525
}
