{
  "backend": "netCDF",
  "data_size_in_memory_MB": 919.2784490585327,
  "groupby": [
    "scenario",
    "variable"
  ],
  "index_as_category_type": true,
  "index_size_as_frame_in_memory_kb": 58916.14453125,
  "index_size_in_memory_kb": 1497.3818359375,
  "max_workers": 4,
  "n_scenarios": 100,
  "n_time_points": 401,
  "n_timeseries": 300000,
  "n_variables": 5,
  "pandas-openscm_commit": "a5026e61e99f746e86e6a5b951762c7cc6c130ff",
  "pandas-openscm_version": "0.1.1a1",
  "platform_info": "macOS-14.3-arm64-arm-64bit",
  "python_version": "3.11.11",
  "test_case": "magicc_full_output",
  "time_all_in_one_write": 1.3494005003012717,
  "time_db_grouped_write": 3.404481249861419,
  "time_db_grouped_write_parallel": 2.231352624949068,
  "time_db_load": 2.553755124565214,
  "time_db_load_parallel": 2.267642999999225,
  "time_delete": 0.08941454207524657,
  "time_groupby_write": 3.254517083056271,
  "time_save_file_map_not_db": 0.1433692080900073,
  "time_save_index_not_db": 0.07790770893916488
}
