{
  "backend": "csv",
  "data_size_in_memory_MB": 725.4743528366089,
  "db_size_on_disk_MB": 1710.6872177124023,
  "delete_time": 0.20314279105514288,
  "groupby": null,
  "id": "scm_future_quantiles_output",
  "index_as_category_type": false,
  "index_size_as_frame_in_memory_kb": 149918.830078125,
  "index_size_in_memory_kb": 4604.4873046875,
  "load_time": 7.948105749674141,
  "load_time_parallel": 9.338704832829535,
  "max_workers": 8,
  "n_db_files": 1,
  "n_scenarios": 10000,
  "n_time_points": 126,
  "n_timeseries": 750000,
  "n_variables": 5,
  "pandas-openscm_commit": "53479d6df2ca6c8ea5e5001221bdc25e3e86b4d8",
  "pandas-openscm_version": "0.1.1a1",
  "platform_info": "macOS-14.3-arm64-arm-64bit",
  "python_version": "3.11.11",
  "save_time": 60.36831495817751,
  "save_time_parallel": 57.80816825013608
}
