{
  "backend": "csv",
  "data_size_in_memory_MB": 7.250445365905762,
  "groupby": [
    "scenario",
    "variable"
  ],
  "index_as_category_type": true,
  "index_size_as_frame_in_memory_kb": 1473.029296875,
  "index_size_in_memory_kb": 41.6435546875,
  "max_workers": 4,
  "n_scenarios": 100,
  "n_time_points": 126,
  "n_timeseries": 7500,
  "n_variables": 5,
  "pandas-openscm_commit": "a5026e61e99f746e86e6a5b951762c7cc6c130ff",
  "pandas-openscm_version": "0.1.1a1",
  "platform_info": "macOS-14.3-arm64-arm-64bit",
  "python_version": "3.11.11",
  "test_case": "magicc_future_quantiles",
  "time_all_in_one_write": 0.5440119155682623,
  "time_db_grouped_write": 0.9744381662458181,
  "time_db_grouped_write_parallel": 0.8301163748838007,
  "time_db_load": 0.5945753748528659,
  "time_db_load_parallel": 0.6346779172308743,
  "time_delete": 0.022476792335510254,
  "time_groupby_write": 0.8006645832210779,
  "time_save_file_map_not_db": 0.007818750105798244,
  "time_save_index_not_db": 0.006083333864808083
}
