{
  "backend": "feather",
  "data_size_in_memory_MB": 7.250624656677246,
  "db_size_on_disk_MB": 7.64271354675293,
  "delete_time": 0.0014015412889420986,
  "groupby": [
    "variable"
  ],
  "id": "scm_future_quantiles_output",
  "index_as_category_type": false,
  "index_size_as_frame_in_memory_kb": 1484.748046875,
  "index_size_in_memory_kb": 41.8271484375,
  "load_time": 0.024876208044588566,
  "load_time_parallel": 0.5787746249698102,
  "max_workers": 8,
  "n_db_files": 5,
  "n_scenarios": 100,
  "n_time_points": 126,
  "n_timeseries": 7500,
  "n_variables": 5,
  "pandas-openscm_commit": "53479d6df2ca6c8ea5e5001221bdc25e3e86b4d8",
  "pandas-openscm_version": "0.1.1a1",
  "platform_info": "macOS-14.3-arm64-arm-64bit",
  "python_version": "3.11.11",
  "save_time": 0.06812429055571556,
  "save_time_parallel": 0.6929684588685632
}
