{
  "backend": "feather",
  "data_size_in_memory_MB": 275.79828548431396,
  "groupby": [
    "scenario",
    "variable"
  ],
  "index_as_category_type": true,
  "index_size_as_frame_in_memory_kb": 17654.42578125,
  "index_size_in_memory_kb": 464.3193359375,
  "max_workers": 4,
  "n_scenarios": 30,
  "n_time_points": 401,
  "n_timeseries": 90000,
  "n_variables": 5,
  "pandas-openscm_commit": "a5026e61e99f746e86e6a5b951762c7cc6c130ff",
  "pandas-openscm_version": "0.1.1a1",
  "platform_info": "macOS-14.3-arm64-arm-64bit",
  "python_version": "3.11.11",
  "test_case": "magicc_full_output",
  "time_all_in_one_write": 0.21012095920741558,
  "time_db_grouped_write": 3.0450374172069132,
  "time_db_grouped_write_parallel": 1.3632859578356147,
  "time_db_load": 0.7624827497638762,
  "time_db_load_parallel": 0.9789351248182356,
  "time_delete": 0.01215925021097064,
  "time_groupby_write": 2.68281583301723,
  "time_save_file_map_not_db": 0.004914583172649145,
  "time_save_index_not_db": 0.00892899977043271
}
