{
  "backend": "netCDF",
  "data_size_in_memory_MB": 9.213958740234375,
  "groupby": [
    "scenario",
    "variable"
  ],
  "index_as_category_type": false,
  "index_size_as_frame_in_memory_kb": 586.65234375,
  "index_size_in_memory_kb": 36.65625,
  "max_workers": 4,
  "n_scenarios": 1,
  "n_time_points": 401,
  "n_timeseries": 3000,
  "n_variables": 5,
  "pandas-openscm_commit": "5e7824999d7589605ea8b60aa8dc86b2b44f724f",
  "pandas-openscm_version": "0.1.1a1",
  "platform_info": "macOS-14.3-arm64-arm-64bit",
  "python_version": "3.11.11",
  "test_case": "magicc_full_output",
  "time_all_in_one_write": 0.01379149965941906,
  "time_db_grouped_write": 0.04841345828026533,
  "time_db_grouped_write_parallel": 0.4555724998936057,
  "time_db_load": 0.03509516688063741,
  "time_db_load_parallel": 0.4529954995959997,
  "time_delete": 0.0008724592626094818,
  "time_groupby_write": 0.0397447501309216,
  "time_save_file_map_not_db": 0.003246292006224394,
  "time_save_index_not_db": 0.008591750171035528
}
