{
  "backend": "csv",
  "data_size_in_memory_MB": 91.94691753387451,
  "groupby": [
    "scenario",
    "variable"
  ],
  "index_as_category_type": false,
  "index_size_as_frame_in_memory_kb": 5865.36328125,
  "index_size_in_memory_kb": 169.2685546875,
  "max_workers": 4,
  "n_scenarios": 10,
  "n_time_points": 401,
  "n_timeseries": 30000,
  "n_variables": 5,
  "pandas-openscm_commit": "a5026e61e99f746e86e6a5b951762c7cc6c130ff",
  "pandas-openscm_version": "0.1.1a1",
  "platform_info": "macOS-14.3-arm64-arm-64bit",
  "python_version": "3.11.11",
  "test_case": "magicc_full_output",
  "time_all_in_one_write": 6.776996875181794,
  "time_db_grouped_write": 6.838545792270452,
  "time_db_grouped_write_parallel": 2.3612418328411877,
  "time_db_load": 1.1092679579742253,
  "time_db_load_parallel": 0.8257913747802377,
  "time_delete": 0.004543874878436327,
  "time_groupby_write": 6.77371112536639,
  "time_save_file_map_not_db": 0.0297780423425138,
  "time_save_index_not_db": 0.032307582907378674
}
