{
  "backend": "csv",
  "data_size_in_memory_MB": 7.250445365905762,
  "groupby": [
    "scenario",
    "variable"
  ],
  "index_as_category_type": false,
  "index_size_as_frame_in_memory_kb": 1473.029296875,
  "index_size_in_memory_kb": 41.6435546875,
  "max_workers": 4,
  "n_scenarios": 100,
  "n_time_points": 126,
  "n_timeseries": 7500,
  "n_variables": 5,
  "pandas-openscm_commit": "a5026e61e99f746e86e6a5b951762c7cc6c130ff",
  "pandas-openscm_version": "0.1.1a1",
  "platform_info": "macOS-14.3-arm64-arm-64bit",
  "python_version": "3.11.11",
  "test_case": "magicc_future_quantiles",
  "time_all_in_one_write": 0.5465226247906685,
  "time_db_grouped_write": 0.9777502077631652,
  "time_db_grouped_write_parallel": 0.839780000038445,
  "time_db_load": 0.8416584171354771,
  "time_db_load_parallel": 0.6338999588042498,
  "time_delete": 0.02166637498885393,
  "time_groupby_write": 0.7822145828977227,
  "time_save_file_map_not_db": 0.00779912481084466,
  "time_save_index_not_db": 0.005716292187571526
}
