{
  "backend": "csv",
  "data_size_in_memory_MB": 919.2784490585327,
  "groupby": [
    "scenario",
    "variable"
  ],
  "index_as_category_type": false,
  "index_size_as_frame_in_memory_kb": 58916.14453125,
  "index_size_in_memory_kb": 1497.3818359375,
  "max_workers": 4,
  "n_scenarios": 100,
  "n_time_points": 401,
  "n_timeseries": 300000,
  "n_variables": 5,
  "pandas-openscm_commit": "a5026e61e99f746e86e6a5b951762c7cc6c130ff",
  "pandas-openscm_version": "0.1.1a1",
  "platform_info": "macOS-14.3-arm64-arm-64bit",
  "python_version": "3.11.11",
  "test_case": "magicc_full_output",
  "time_all_in_one_write": 67.9072374580428,
  "time_db_grouped_write": 69.38973162509501,
  "time_db_grouped_write_parallel": 19.460042958147824,
  "time_db_load": 11.009540041908622,
  "time_db_load_parallel": 4.704835958313197,
  "time_delete": 0.1343324170447886,
  "time_groupby_write": 68.43827641708776,
  "time_save_file_map_not_db": 0.2991861249320209,
  "time_save_index_not_db": 0.22796199982985854
}
