{
  "backend": "feather",
  "data_size_in_memory_MB": 7.250445365905762,
  "groupby": [
    "scenario",
    "variable"
  ],
  "index_as_category_type": true,
  "index_size_as_frame_in_memory_kb": 1473.029296875,
  "index_size_in_memory_kb": 41.6435546875,
  "max_workers": 4,
  "n_scenarios": 100,
  "n_time_points": 126,
  "n_timeseries": 7500,
  "n_variables": 5,
  "pandas-openscm_commit": "a5026e61e99f746e86e6a5b951762c7cc6c130ff",
  "pandas-openscm_version": "0.1.1a1",
  "platform_info": "macOS-14.3-arm64-arm-64bit",
  "python_version": "3.11.11",
  "test_case": "magicc_future_quantiles",
  "time_all_in_one_write": 0.01002316689118743,
  "time_db_grouped_write": 2.5831080419011414,
  "time_db_grouped_write_parallel": 1.1932096662931144,
  "time_db_load": 0.9097912921570241,
  "time_db_load_parallel": 0.7578916251659393,
  "time_delete": 0.021244999952614307,
  "time_groupby_write": 2.1508156252093613,
  "time_save_file_map_not_db": 0.0008148341439664364,
  "time_save_index_not_db": 0.0017460417002439499
}
