{
  "backend": "feather",
  "data_size_in_memory_MB": 72.55424404144287,
  "groupby": [
    "scenario",
    "variable"
  ],
  "index_as_category_type": true,
  "index_size_as_frame_in_memory_kb": 14801.642578125,
  "index_size_in_memory_kb": 467.4208984375,
  "max_workers": 4,
  "n_scenarios": 1000,
  "n_time_points": 126,
  "n_timeseries": 75000,
  "n_variables": 5,
  "pandas-openscm_commit": "a5026e61e99f746e86e6a5b951762c7cc6c130ff",
  "pandas-openscm_version": "0.1.1a1",
  "platform_info": "macOS-14.3-arm64-arm-64bit",
  "python_version": "3.11.11",
  "test_case": "magicc_future_quantiles",
  "time_all_in_one_write": 0.12903183326125145,
  "time_db_grouped_write": 27.605509208049625,
  "time_db_grouped_write_parallel": 8.20255395816639,
  "time_db_load": 9.377616208977997,
  "time_db_load_parallel": 4.817153458017856,
  "time_delete": 0.2935573342256248,
  "time_groupby_write": 21.750535333994776,
  "time_save_file_map_not_db": 0.0038550840690732002,
  "time_save_index_not_db": 0.006944875232875347
}
