{
  "backend": "feather",
  "data_size_in_memory_MB": 72.55424404144287,
  "groupby": [
    "scenario",
    "variable"
  ],
  "index_as_category_type": false,
  "index_size_as_frame_in_memory_kb": 14801.642578125,
  "index_size_in_memory_kb": 467.4208984375,
  "max_workers": 4,
  "n_scenarios": 1000,
  "n_time_points": 126,
  "n_timeseries": 75000,
  "n_variables": 5,
  "pandas-openscm_commit": "a5026e61e99f746e86e6a5b951762c7cc6c130ff",
  "pandas-openscm_version": "0.1.1a1",
  "platform_info": "macOS-14.3-arm64-arm-64bit",
  "python_version": "3.11.11",
  "test_case": "magicc_future_quantiles",
  "time_all_in_one_write": 0.11928025027737021,
  "time_db_grouped_write": 27.01794745773077,
  "time_db_grouped_write_parallel": 8.221661834046245,
  "time_db_load": 10.40949666686356,
  "time_db_load_parallel": 5.109686333686113,
  "time_delete": 0.2380341673269868,
  "time_groupby_write": 21.67409604182467,
  "time_save_file_map_not_db": 0.003994209226220846,
  "time_save_index_not_db": 0.006889042444527149
}
