{
  "backend": "csv",
  "data_size_in_memory_MB": 21.76577663421631,
  "groupby": [
    "scenario",
    "variable"
  ],
  "index_as_category_type": true,
  "index_size_as_frame_in_memory_kb": 4434.943359375,
  "index_size_in_memory_kb": 139.7177734375,
  "max_workers": 4,
  "n_scenarios": 300,
  "n_time_points": 126,
  "n_timeseries": 22500,
  "n_variables": 5,
  "pandas-openscm_commit": "a5026e61e99f746e86e6a5b951762c7cc6c130ff",
  "pandas-openscm_version": "0.1.1a1",
  "platform_info": "macOS-14.3-arm64-arm-64bit",
  "python_version": "3.11.11",
  "test_case": "magicc_future_quantiles",
  "time_all_in_one_write": 1.6980550829321146,
  "time_db_grouped_write": 2.688619500026107,
  "time_db_grouped_write_parallel": 1.5293440422974527,
  "time_db_load": 1.70065087499097,
  "time_db_load_parallel": 1.2073806668631732,
  "time_delete": 0.0723815830424428,
  "time_groupby_write": 2.27474058419466,
  "time_save_file_map_not_db": 0.0222677499987185,
  "time_save_index_not_db": 0.0159618747420609
}
