{
  "backend": "feather",
  "data_size_in_memory_MB": 217.4003086090088,
  "db_size_on_disk_MB": 224.19632720947266,
  "delete_time": 0.008869207929819822,
  "groupby": [
    "variable"
  ],
  "id": "scm_future_quantiles_output",
  "index_as_category_type": false,
  "index_size_as_frame_in_memory_kb": 44875.6171875,
  "index_size_in_memory_kb": 1133.541015625,
  "load_time": 0.40687870793044567,
  "load_time_parallel": 1.5266571249812841,
  "max_workers": 8,
  "n_db_files": 50,
  "n_scenarios": 300,
  "n_time_points": 126,
  "n_timeseries": 225000,
  "n_variables": 50,
  "pandas-openscm_commit": "53479d6df2ca6c8ea5e5001221bdc25e3e86b4d8",
  "pandas-openscm_version": "0.1.1a1",
  "platform_info": "macOS-14.3-arm64-arm-64bit",
  "python_version": "3.11.11",
  "save_time": 0.6011435003019869,
  "save_time_parallel": 1.9229547083377838
}
