{
  "backend": "feather",
  "data_size_in_memory_MB": 21.765955924987793,
  "db_size_on_disk_MB": 22.21088981628418,
  "delete_time": 0.0013793748803436756,
  "groupby": null,
  "id": "scm_future_quantiles_output",
  "index_as_category_type": false,
  "index_size_as_frame_in_memory_kb": 4470.099609375,
  "index_size_in_memory_kb": 139.9013671875,
  "load_time": 0.029289667028933764,
  "load_time_parallel": 0.5095495423302054,
  "max_workers": 8,
  "n_db_files": 1,
  "n_scenarios": 300,
  "n_time_points": 126,
  "n_timeseries": 22500,
  "n_variables": 5,
  "pandas-openscm_commit": "53479d6df2ca6c8ea5e5001221bdc25e3e86b4d8",
  "pandas-openscm_version": "0.1.1a1",
  "platform_info": "macOS-14.3-arm64-arm-64bit",
  "python_version": "3.11.11",
  "save_time": 0.04396162508055568,
  "save_time_parallel": 0.6283144173212349
}
