{
  "backend": "feather",
  "data_size_in_memory_MB": 0.07433700561523438,
  "db_size_on_disk_MB": 0.3291454315185547,
  "delete_time": 0.0009329589083790779,
  "groupby": [
    "variable"
  ],
  "id": "scm_future_quantiles_output",
  "index_as_category_type": false,
  "index_size_as_frame_in_memory_kb": 14.9091796875,
  "index_size_in_memory_kb": 2.29296875,
  "load_time": 0.01623512525111437,
  "load_time_parallel": 0.49564883299171925,
  "max_workers": 8,
  "n_db_files": 5,
  "n_scenarios": 1,
  "n_time_points": 126,
  "n_timeseries": 75,
  "n_variables": 5,
  "pandas-openscm_commit": "53479d6df2ca6c8ea5e5001221bdc25e3e86b4d8",
  "pandas-openscm_version": "0.1.1a1",
  "platform_info": "macOS-14.3-arm64-arm-64bit",
  "python_version": "3.11.11",
  "save_time": 0.029270790982991457,
  "save_time_parallel": 0.7150732078589499
}
