{
  "backend": "netCDF",
  "data_size_in_memory_MB": 7.250445365905762,
  "groupby": [
    "scenario",
    "variable"
  ],
  "index_as_category_type": false,
  "index_size_as_frame_in_memory_kb": 1473.029296875,
  "index_size_in_memory_kb": 41.6435546875,
  "max_workers": 4,
  "n_scenarios": 100,
  "n_time_points": 126,
  "n_timeseries": 7500,
  "n_variables": 5,
  "pandas-openscm_commit": "33bcf592aad6d4cbe4d066bff30e2c8c8c02bbf9-dirty",
  "pandas-openscm_version": "0.1.1a1",
  "platform_info": "macOS-14.3-arm64-arm-64bit",
  "python_version": "3.11.11",
  "test_case": "magicc_future_quantiles",
  "time_all_in_one_write": 0.014022374991327524,
  "time_db_grouped_write": 3.138999540824443,
  "time_db_grouped_write_parallel": 1.7315322919748724,
  "time_db_load": 2.1268425001762807,
  "time_db_load_parallel": 1.2113551669754088,
  "time_delete": 0.034500082954764366,
  "time_groupby_write": 3.158179916907102,
  "time_save_file_map_not_db": 0.005574124865233898,
  "time_save_index_not_db": 0.01302079064771533
}
