{
  "backend": "csv",
  "data_size_in_memory_MB": 91.94691753387451,
  "groupby": [
    "scenario",
    "variable"
  ],
  "index_as_category_type": true,
  "index_size_as_frame_in_memory_kb": 5865.36328125,
  "index_size_in_memory_kb": 169.2685546875,
  "max_workers": 4,
  "n_scenarios": 10,
  "n_time_points": 401,
  "n_timeseries": 30000,
  "n_variables": 5,
  "pandas-openscm_commit": "a5026e61e99f746e86e6a5b951762c7cc6c130ff",
  "pandas-openscm_version": "0.1.1a1",
  "platform_info": "macOS-14.3-arm64-arm-64bit",
  "python_version": "3.11.11",
  "test_case": "magicc_full_output",
  "time_all_in_one_write": 6.73658391693607,
  "time_db_grouped_write": 6.839162083342671,
  "time_db_grouped_write_parallel": 2.3311367090791464,
  "time_db_load": 1.0920622078701854,
  "time_db_load_parallel": 0.818440374918282,
  "time_delete": 0.004583333153277636,
  "time_groupby_write": 6.767300375271589,
  "time_save_file_map_not_db": 0.02984658256173134,
  "time_save_index_not_db": 0.020334874745458364
}
