{
  "backend": "csv",
  "data_size_in_memory_MB": 0.07415771484375,
  "groupby": [
    "scenario",
    "variable"
  ],
  "index_as_category_type": false,
  "index_size_as_frame_in_memory_kb": 14.7919921875,
  "index_size_in_memory_kb": 2.109375,
  "max_workers": 4,
  "n_scenarios": 1,
  "n_time_points": 126,
  "n_timeseries": 75,
  "n_variables": 5,
  "pandas-openscm_commit": "5e7824999d7589605ea8b60aa8dc86b2b44f724f",
  "pandas-openscm_version": "0.1.1a1",
  "platform_info": "macOS-14.3-arm64-arm-64bit",
  "python_version": "3.11.11",
  "test_case": "magicc_future_quantiles",
  "time_all_in_one_write": 0.0059929159469902515,
  "time_db_grouped_write": 0.011335582938045263,
  "time_db_grouped_write_parallel": 0.37345441710203886,
  "time_db_load": 0.009724000003188848,
  "time_db_load_parallel": 0.47867025015875697,
  "time_delete": 0.0007992908358573914,
  "time_groupby_write": 0.0087932082824409,
  "time_save_file_map_not_db": 0.0003119157627224922,
  "time_save_index_not_db": 0.0006529586389660835
}
