{
  "backend": "csv",
  "data_size_in_memory_MB": 0.07415771484375,
  "groupby": [
    "scenario",
    "variable"
  ],
  "index_as_category_type": true,
  "index_size_as_frame_in_memory_kb": 14.7919921875,
  "index_size_in_memory_kb": 2.109375,
  "max_workers": 4,
  "n_scenarios": 1,
  "n_time_points": 126,
  "n_timeseries": 75,
  "n_variables": 5,
  "pandas-openscm_commit": "5e7824999d7589605ea8b60aa8dc86b2b44f724f",
  "pandas-openscm_version": "0.1.1a1",
  "platform_info": "macOS-14.3-arm64-arm-64bit",
  "python_version": "3.11.11",
  "test_case": "magicc_future_quantiles",
  "time_all_in_one_write": 0.005989749915897846,
  "time_db_grouped_write": 0.010848291218280792,
  "time_db_grouped_write_parallel": 0.4716927916742861,
  "time_db_load": 0.010398958344012499,
  "time_db_load_parallel": 0.398246250115335,
  "time_delete": 0.00072825001552701,
  "time_groupby_write": 0.008893709164112806,
  "time_save_file_map_not_db": 0.0003148750402033329,
  "time_save_index_not_db": 0.0006737909279763699
}
