{
  "backend": "in_memory",
  "data_size_in_memory_MB": 91.94691753387451,
  "groupby": [
    "scenario",
    "variable"
  ],
  "index_as_category_type": true,
  "index_size_as_frame_in_memory_kb": 5865.36328125,
  "index_size_in_memory_kb": 169.2685546875,
  "max_workers": 4,
  "n_scenarios": 10,
  "n_time_points": 401,
  "n_timeseries": 30000,
  "n_variables": 5,
  "pandas-openscm_commit": "a5026e61e99f746e86e6a5b951762c7cc6c130ff",
  "pandas-openscm_version": "0.1.1a1",
  "platform_info": "macOS-14.3-arm64-arm-64bit",
  "python_version": "3.11.11",
  "test_case": "magicc_full_output",
  "time_all_in_one_write": 5.662534385919571e-05,
  "time_db_grouped_write": 0.03489262470975518,
  "time_db_grouped_write_parallel": null,
  "time_db_load": 0.016057207714766264,
  "time_db_load_parallel": null,
  "time_delete": 0.0014068749733269215,
  "time_groupby_write": 0.013371041044592857,
  "time_save_file_map_not_db": 5.045812577009201e-05,
  "time_save_index_not_db": 8.479179814457893e-05
}
