{
  "backend": "netCDF",
  "data_size_in_memory_MB": 9.213958740234375,
  "groupby": [
    "scenario",
    "variable"
  ],
  "index_as_category_type": true,
  "index_size_as_frame_in_memory_kb": 586.65234375,
  "index_size_in_memory_kb": 36.65625,
  "max_workers": 4,
  "n_scenarios": 1,
  "n_time_points": 401,
  "n_timeseries": 3000,
  "n_variables": 5,
  "pandas-openscm_commit": "5e7824999d7589605ea8b60aa8dc86b2b44f724f",
  "pandas-openscm_version": "0.1.1a1",
  "platform_info": "macOS-14.3-arm64-arm-64bit",
  "python_version": "3.11.11",
  "test_case": "magicc_full_output",
  "time_all_in_one_write": 0.015537540894001722,
  "time_db_grouped_write": 0.05071587488055229,
  "time_db_grouped_write_parallel": 0.47759054182097316,
  "time_db_load": 0.05227950029075146,
  "time_db_load_parallel": 0.5068463748320937,
  "time_delete": 0.0009004157036542892,
  "time_groupby_write": 0.04553458280861378,
  "time_save_file_map_not_db": 0.0028923749923706055,
  "time_save_index_not_db": 0.05878375004976988
}
