{
  "backend": "csv",
  "data_size_in_memory_MB": 9.213958740234375,
  "groupby": [
    "scenario",
    "variable"
  ],
  "index_as_category_type": false,
  "index_size_as_frame_in_memory_kb": 586.65234375,
  "index_size_in_memory_kb": 36.65625,
  "max_workers": 4,
  "n_scenarios": 1,
  "n_time_points": 401,
  "n_timeseries": 3000,
  "n_variables": 5,
  "pandas-openscm_commit": "a5026e61e99f746e86e6a5b951762c7cc6c130ff",
  "pandas-openscm_version": "0.1.1a1",
  "platform_info": "macOS-14.3-arm64-arm-64bit",
  "python_version": "3.11.11",
  "test_case": "magicc_full_output",
  "time_all_in_one_write": 0.6749027920886874,
  "time_db_grouped_write": 0.6835273751057684,
  "time_db_grouped_write_parallel": 0.7031156248413026,
  "time_db_load": 0.11158924968913198,
  "time_db_load_parallel": 0.43550979206338525,
  "time_delete": 0.0008447910659015179,
  "time_groupby_write": 0.7045045411214232,
  "time_save_file_map_not_db": 0.0031818333081901073,
  "time_save_index_not_db": 0.002529292367398739
}
