{
  "backend": "netCDF",
  "data_size_in_memory_MB": 9.213958740234375,
  "groupby": [
    "scenario",
    "variable"
  ],
  "index_as_category_type": false,
  "index_size_as_frame_in_memory_kb": 586.65234375,
  "index_size_in_memory_kb": 36.65625,
  "max_workers": 4,
  "n_scenarios": 1,
  "n_time_points": 401,
  "n_timeseries": 3000,
  "n_variables": 5,
  "pandas-openscm_commit": "33bcf592aad6d4cbe4d066bff30e2c8c8c02bbf9-dirty",
  "pandas-openscm_version": "0.1.1a1",
  "platform_info": "macOS-14.3-arm64-arm-64bit",
  "python_version": "3.11.11",
  "test_case": "magicc_full_output",
  "time_all_in_one_write": 0.011107124853879213,
  "time_db_grouped_write": 0.04270604206249118,
  "time_db_grouped_write_parallel": 0.4630269161425531,
  "time_db_load": 0.03452158300206065,
  "time_db_load_parallel": 0.4684883342124522,
  "time_delete": 0.0008093751966953278,
  "time_groupby_write": 0.0345102078281343,
  "time_save_file_map_not_db": 0.0026653329841792583,
  "time_save_index_not_db": 0.007564750034362078
}
