{
  "backend": "csv",
  "data_size_in_memory_MB": 275.79828548431396,
  "groupby": [
    "scenario",
    "variable"
  ],
  "index_as_category_type": true,
  "index_size_as_frame_in_memory_kb": 17654.42578125,
  "index_size_in_memory_kb": 464.3193359375,
  "max_workers": 4,
  "n_scenarios": 30,
  "n_time_points": 401,
  "n_timeseries": 90000,
  "n_variables": 5,
  "pandas-openscm_commit": "a5026e61e99f746e86e6a5b951762c7cc6c130ff",
  "pandas-openscm_version": "0.1.1a1",
  "platform_info": "macOS-14.3-arm64-arm-64bit",
  "python_version": "3.11.11",
  "test_case": "magicc_full_output",
  "time_all_in_one_write": 20.08409829204902,
  "time_db_grouped_write": 20.647030957974494,
  "time_db_grouped_write_parallel": 6.177801250014454,
  "time_db_load": 3.349696542136371,
  "time_db_load_parallel": 1.7263429160229862,
  "time_delete": 0.033428916707634926,
  "time_groupby_write": 20.6412495826371,
  "time_save_file_map_not_db": 0.08769066678360105,
  "time_save_index_not_db": 0.07129762507975101
}
