{
  "backend": "csv",
  "data_size_in_memory_MB": 9.213958740234375,
  "groupby": [
    "scenario",
    "variable"
  ],
  "index_as_category_type": false,
  "index_size_as_frame_in_memory_kb": 586.65234375,
  "index_size_in_memory_kb": 36.65625,
  "max_workers": 4,
  "n_scenarios": 1,
  "n_time_points": 401,
  "n_timeseries": 3000,
  "n_variables": 5,
  "pandas-openscm_commit": "33bcf592aad6d4cbe4d066bff30e2c8c8c02bbf9-dirty",
  "pandas-openscm_version": "0.1.1a1",
  "platform_info": "macOS-14.3-arm64-arm-64bit",
  "python_version": "3.11.11",
  "test_case": "magicc_full_output",
  "time_all_in_one_write": 0.6735354578122497,
  "time_db_grouped_write": 0.7088056672364473,
  "time_db_grouped_write_parallel": 0.6804230832494795,
  "time_db_load": 0.11528733372688293,
  "time_db_load_parallel": 0.4329710411839187,
  "time_delete": 0.0009426670148968697,
  "time_groupby_write": 0.684862666297704,
  "time_save_file_map_not_db": 0.003105041105300188,
  "time_save_index_not_db": 0.002554458100348711
}
