{
  "backend": "in_memory",
  "data_size_in_memory_MB": 21.76577663421631,
  "groupby": [
    "scenario",
    "variable"
  ],
  "index_as_category_type": true,
  "index_size_as_frame_in_memory_kb": 4434.943359375,
  "index_size_in_memory_kb": 139.7177734375,
  "max_workers": 4,
  "n_scenarios": 300,
  "n_time_points": 126,
  "n_timeseries": 22500,
  "n_variables": 5,
  "pandas-openscm_commit": "a5026e61e99f746e86e6a5b951762c7cc6c130ff",
  "pandas-openscm_version": "0.1.1a1",
  "platform_info": "macOS-14.3-arm64-arm-64bit",
  "python_version": "3.11.11",
  "test_case": "magicc_future_quantiles",
  "time_all_in_one_write": 5.970895290374756e-05,
  "time_db_grouped_write": 0.3617360000498593,
  "time_db_grouped_write_parallel": null,
  "time_db_load": 0.06253558257594705,
  "time_db_load_parallel": null,
  "time_delete": 0.03522212523967028,
  "time_groupby_write": 0.03250016737729311,
  "time_save_file_map_not_db": 5.100015550851822e-05,
  "time_save_index_not_db": 8.691707625985146e-05
}
