{
  "backend": "feather",
  "data_size_in_memory_MB": 0.07415771484375,
  "groupby": [
    "scenario",
    "variable"
  ],
  "index_as_category_type": true,
  "index_size_as_frame_in_memory_kb": 14.7919921875,
  "index_size_in_memory_kb": 2.109375,
  "max_workers": 4,
  "n_scenarios": 1,
  "n_time_points": 126,
  "n_timeseries": 75,
  "n_variables": 5,
  "pandas-openscm_commit": "5e7824999d7589605ea8b60aa8dc86b2b44f724f",
  "pandas-openscm_version": "0.1.1a1",
  "platform_info": "macOS-14.3-arm64-arm-64bit",
  "python_version": "3.11.11",
  "test_case": "magicc_future_quantiles",
  "time_all_in_one_write": 0.0038240826688706875,
  "time_db_grouped_write": 0.025363583117723465,
  "time_db_grouped_write_parallel": 0.4026382081210613,
  "time_db_load": 0.012013915926218033,
  "time_db_load_parallel": 0.3812543749809265,
  "time_delete": 0.0007957909256219864,
  "time_groupby_write": 0.02268179226666689,
  "time_save_file_map_not_db": 0.00042525026947259903,
  "time_save_index_not_db": 0.000993541907519102
}
