{
  "backend": "netCDF",
  "data_size_in_memory_MB": 91.947096824646,
  "db_size_on_disk_MB": 95.66014289855957,
  "delete_time": 0.007175082806497812,
  "groupby": [
    "scenario",
    "variable"
  ],
  "id": "full_scm_output",
  "index_as_category_type": false,
  "index_size_as_frame_in_memory_kb": 5912.23828125,
  "index_size_in_memory_kb": 169.4521484375,
  "load_time": 0.381030666641891,
  "load_time_parallel": 1.3519129590131342,
  "max_workers": 8,
  "n_db_files": 50,
  "n_scenarios": 10,
  "n_time_points": 401,
  "n_timeseries": 30000,
  "n_variables": 5,
  "pandas-openscm_commit": "53479d6df2ca6c8ea5e5001221bdc25e3e86b4d8",
  "pandas-openscm_version": "0.1.1a1",
  "platform_info": "macOS-14.3-arm64-arm-64bit",
  "python_version": "3.11.11",
  "save_time": 0.4776550838723779,
  "save_time_parallel": 1.2018689163960516
}
