{
  "backend": "netCDF",
  "data_size_in_memory_MB": 0.07415771484375,
  "groupby": [
    "scenario",
    "variable"
  ],
  "index_as_category_type": false,
  "index_size_as_frame_in_memory_kb": 14.7919921875,
  "index_size_in_memory_kb": 2.109375,
  "max_workers": 4,
  "n_scenarios": 1,
  "n_time_points": 126,
  "n_timeseries": 75,
  "n_variables": 5,
  "pandas-openscm_commit": "33bcf592aad6d4cbe4d066bff30e2c8c8c02bbf9-dirty",
  "pandas-openscm_version": "0.1.1a1",
  "platform_info": "macOS-14.3-arm64-arm-64bit",
  "python_version": "3.11.11",
  "test_case": "magicc_future_quantiles",
  "time_all_in_one_write": 0.007048792205750942,
  "time_db_grouped_write": 0.04135637544095516,
  "time_db_grouped_write_parallel": 0.5272882496938109,
  "time_db_load": 0.028243290726095438,
  "time_db_load_parallel": 0.530597582925111,
  "time_delete": 0.0007024169899523258,
  "time_groupby_write": 0.03365962486714125,
  "time_save_file_map_not_db": 0.0015225843526422977,
  "time_save_index_not_db": 0.007516874931752682
}
