{
  "backend": "feather",
  "data_size_in_memory_MB": 725.4743528366089,
  "db_size_on_disk_MB": 739.014440536499,
  "delete_time": 0.05482254130765796,
  "groupby": null,
  "id": "scm_future_quantiles_output",
  "index_as_category_type": false,
  "index_size_as_frame_in_memory_kb": 149918.830078125,
  "index_size_in_memory_kb": 4604.4873046875,
  "load_time": 0.655281416606158,
  "load_time_parallel": 2.3617021245881915,
  "max_workers": 8,
  "n_db_files": 1,
  "n_scenarios": 10000,
  "n_time_points": 126,
  "n_timeseries": 750000,
  "n_variables": 5,
  "pandas-openscm_commit": "53479d6df2ca6c8ea5e5001221bdc25e3e86b4d8",
  "pandas-openscm_version": "0.1.1a1",
  "platform_info": "macOS-14.3-arm64-arm-64bit",
  "python_version": "3.11.11",
  "save_time": 1.7750988341867924,
  "save_time_parallel": 2.9919832083396614
}
