{
  "backend": "csv",
  "data_size_in_memory_MB": 9.21413803100586,
  "db_size_on_disk_MB": 29.694223403930664,
  "delete_time": 0.1323967082425952,
  "groupby": [
    "scenario",
    "variable",
    "run",
    "unit"
  ],
  "id": "full_scm_output",
  "index_as_category_type": false,
  "index_size_as_frame_in_memory_kb": 591.33984375,
  "index_size_in_memory_kb": 36.83984375,
  "load_time": 8.340506208129227,
  "load_time_parallel": 3.421885541640222,
  "max_workers": 8,
  "n_db_files": 3000,
  "n_scenarios": 1,
  "n_time_points": 401,
  "n_timeseries": 3000,
  "n_variables": 5,
  "pandas-openscm_commit": "53479d6df2ca6c8ea5e5001221bdc25e3e86b4d8",
  "pandas-openscm_version": "0.1.1a1",
  "platform_info": "macOS-14.3-arm64-arm-64bit",
  "python_version": "3.11.11",
  "save_time": 4.586606458760798,
  "save_time_parallel": 2.9249037499539554
}
