{
  "backend": "csv",
  "data_size_in_memory_MB": 9.213958740234375,
  "groupby": [
    "scenario",
    "variable"
  ],
  "index_as_category_type": true,
  "index_size_as_frame_in_memory_kb": 586.65234375,
  "index_size_in_memory_kb": 36.65625,
  "max_workers": 4,
  "n_scenarios": 1,
  "n_time_points": 401,
  "n_timeseries": 3000,
  "n_variables": 5,
  "pandas-openscm_commit": "5e7824999d7589605ea8b60aa8dc86b2b44f724f",
  "pandas-openscm_version": "0.1.1a1",
  "platform_info": "macOS-14.3-arm64-arm-64bit",
  "python_version": "3.11.11",
  "test_case": "magicc_full_output",
  "time_all_in_one_write": 0.7004914591088891,
  "time_db_grouped_write": 0.6817967919632792,
  "time_db_grouped_write_parallel": 0.6580546251498163,
  "time_db_load": 0.11409379215911031,
  "time_db_load_parallel": 0.43398891668766737,
  "time_delete": 0.0008265413343906403,
  "time_groupby_write": 0.7169269998557866,
  "time_save_file_map_not_db": 0.003144250251352787,
  "time_save_index_not_db": 0.0029210830107331276
}
