{
  "backend": "csv",
  "data_size_in_memory_MB": 21.76577663421631,
  "groupby": [
    "scenario",
    "variable"
  ],
  "index_as_category_type": false,
  "index_size_as_frame_in_memory_kb": 4434.943359375,
  "index_size_in_memory_kb": 139.7177734375,
  "max_workers": 4,
  "n_scenarios": 300,
  "n_time_points": 126,
  "n_timeseries": 22500,
  "n_variables": 5,
  "pandas-openscm_commit": "a5026e61e99f746e86e6a5b951762c7cc6c130ff",
  "pandas-openscm_version": "0.1.1a1",
  "platform_info": "macOS-14.3-arm64-arm-64bit",
  "python_version": "3.11.11",
  "test_case": "magicc_future_quantiles",
  "time_all_in_one_write": 1.7646368746645749,
  "time_db_grouped_write": 2.8463225830346346,
  "time_db_grouped_write_parallel": 1.4901431249454618,
  "time_db_load": 1.7249898333102465,
  "time_db_load_parallel": 0.9974666251800954,
  "time_delete": 0.07309733284637332,
  "time_groupby_write": 2.5155640416778624,
  "time_save_file_map_not_db": 0.021971541922539473,
  "time_save_index_not_db": 0.015724709257483482
}
