{
  "backend": "netCDF",
  "data_size_in_memory_MB": 72.55442333221436,
  "db_size_on_disk_MB": 78.9954423904419,
  "delete_time": 0.0029252911917865276,
  "groupby": [
    "variable"
  ],
  "id": "scm_future_quantiles_output",
  "index_as_category_type": false,
  "index_size_as_frame_in_memory_kb": 14918.830078125,
  "index_size_in_memory_kb": 467.6044921875,
  "load_time": 0.12957595894113183,
  "load_time_parallel": 0.918682832736522,
  "max_workers": 8,
  "n_db_files": 5,
  "n_scenarios": 1000,
  "n_time_points": 126,
  "n_timeseries": 75000,
  "n_variables": 5,
  "pandas-openscm_commit": "53479d6df2ca6c8ea5e5001221bdc25e3e86b4d8",
  "pandas-openscm_version": "0.1.1a1",
  "platform_info": "macOS-14.3-arm64-arm-64bit",
  "python_version": "3.11.11",
  "save_time": 0.1805381253361702,
  "save_time_parallel": 1.0524117080494761
}
