{
  "backend": "in_memory",
  "data_size_in_memory_MB": 9.213958740234375,
  "groupby": [
    "scenario",
    "variable"
  ],
  "index_as_category_type": true,
  "index_size_as_frame_in_memory_kb": 586.65234375,
  "index_size_in_memory_kb": 36.65625,
  "max_workers": 4,
  "n_scenarios": 1,
  "n_time_points": 401,
  "n_timeseries": 3000,
  "n_variables": 5,
  "pandas-openscm_commit": "5e7824999d7589605ea8b60aa8dc86b2b44f724f",
  "pandas-openscm_version": "0.1.1a1",
  "platform_info": "macOS-14.3-arm64-arm-64bit",
  "python_version": "3.11.11",
  "test_case": "magicc_full_output",
  "time_all_in_one_write": 6.83753751218319e-05,
  "time_db_grouped_write": 0.005970582831650972,
  "time_db_grouped_write_parallel": null,
  "time_db_load": 0.0021721250377595425,
  "time_db_load_parallel": null,
  "time_delete": 0.0004314999096095562,
  "time_groupby_write": 0.002422708086669445,
  "time_save_file_map_not_db": 5.487492308020592e-05,
  "time_save_index_not_db": 0.0001005418598651886
}
