{
  "backend": "netCDF",
  "data_size_in_memory_MB": 21.765955924987793,
  "db_size_on_disk_MB": 23.596299171447754,
  "delete_time": 0.0016412083059549332,
  "groupby": null,
  "id": "scm_future_quantiles_output",
  "index_as_category_type": false,
  "index_size_as_frame_in_memory_kb": 4470.099609375,
  "index_size_in_memory_kb": 139.9013671875,
  "load_time": 0.052782708778977394,
  "load_time_parallel": 0.593239916022867,
  "max_workers": 8,
  "n_db_files": 1,
  "n_scenarios": 300,
  "n_time_points": 126,
  "n_timeseries": 22500,
  "n_variables": 5,
  "pandas-openscm_commit": "53479d6df2ca6c8ea5e5001221bdc25e3e86b4d8",
  "pandas-openscm_version": "0.1.1a1",
  "platform_info": "macOS-14.3-arm64-arm-64bit",
  "python_version": "3.11.11",
  "save_time": 0.0668847500346601,
  "save_time_parallel": 0.6608041669242084
}
