{
  "backend": "csv",
  "data_size_in_memory_MB": 9.213958740234375,
  "groupby": [
    "scenario",
    "variable"
  ],
  "index_as_category_type": false,
  "index_size_as_frame_in_memory_kb": 586.65234375,
  "index_size_in_memory_kb": 36.65625,
  "max_workers": 4,
  "n_scenarios": 1,
  "n_time_points": 401,
  "n_timeseries": 3000,
  "n_variables": 5,
  "pandas-openscm_commit": "5e7824999d7589605ea8b60aa8dc86b2b44f724f",
  "pandas-openscm_version": "0.1.1a1",
  "platform_info": "macOS-14.3-arm64-arm-64bit",
  "python_version": "3.11.11",
  "test_case": "magicc_full_output",
  "time_all_in_one_write": 0.6785250422544777,
  "time_db_grouped_write": 0.7038469589315355,
  "time_db_grouped_write_parallel": 0.7061185417696834,
  "time_db_load": 0.11660895869135857,
  "time_db_load_parallel": 0.4459774591960013,
  "time_delete": 0.0008860831148922443,
  "time_groupby_write": 0.6852974169887602,
  "time_save_file_map_not_db": 0.003136708866804838,
  "time_save_index_not_db": 0.002634500153362751
}
