{
  "backend": "feather",
  "data_size_in_memory_MB": 0.07415771484375,
  "groupby": [
    "scenario",
    "variable"
  ],
  "index_as_category_type": true,
  "index_size_as_frame_in_memory_kb": 14.7919921875,
  "index_size_in_memory_kb": 2.109375,
  "max_workers": 4,
  "n_scenarios": 1,
  "n_time_points": 126,
  "n_timeseries": 75,
  "n_variables": 5,
  "pandas-openscm_commit": "33bcf592aad6d4cbe4d066bff30e2c8c8c02bbf9-dirty",
  "pandas-openscm_version": "0.1.1a1",
  "platform_info": "macOS-14.3-arm64-arm-64bit",
  "python_version": "3.11.11",
  "test_case": "magicc_future_quantiles",
  "time_all_in_one_write": 0.004301624838262796,
  "time_db_grouped_write": 0.027822665870189667,
  "time_db_grouped_write_parallel": 0.4915596661157906,
  "time_db_load": 0.016293666791170835,
  "time_db_load_parallel": 0.574771833140403,
  "time_delete": 0.000855542253702879,
  "time_groupby_write": 0.024764833971858025,
  "time_save_file_map_not_db": 0.0005802917294204235,
  "time_save_index_not_db": 0.001512249931693077
}
