{
  "backend": "feather",
  "data_size_in_memory_MB": 91.94691753387451,
  "groupby": [
    "scenario",
    "variable"
  ],
  "index_as_category_type": false,
  "index_size_as_frame_in_memory_kb": 5865.36328125,
  "index_size_in_memory_kb": 169.2685546875,
  "max_workers": 4,
  "n_scenarios": 10,
  "n_time_points": 401,
  "n_timeseries": 30000,
  "n_variables": 5,
  "pandas-openscm_commit": "33bcf592aad6d4cbe4d066bff30e2c8c8c02bbf9-dirty",
  "pandas-openscm_version": "0.1.1a1",
  "platform_info": "macOS-14.3-arm64-arm-64bit",
  "python_version": "3.11.11",
  "test_case": "magicc_full_output",
  "time_all_in_one_write": 0.2300489996559918,
  "time_db_grouped_write": 1.1893447921611369,
  "time_db_grouped_write_parallel": 0.8336629997938871,
  "time_db_load": 0.29233124991878867,
  "time_db_load_parallel": 0.7787085003219545,
  "time_delete": 0.0038367081433534622,
  "time_groupby_write": 1.0037953332066536,
  "time_save_file_map_not_db": 0.0019014999270439148,
  "time_save_index_not_db": 0.003353083971887827
}
