{
  "backend": "feather",
  "data_size_in_memory_MB": 0.07415771484375,
  "groupby": [
    "scenario",
    "variable"
  ],
  "index_as_category_type": false,
  "index_size_as_frame_in_memory_kb": 14.7919921875,
  "index_size_in_memory_kb": 2.109375,
  "max_workers": 4,
  "n_scenarios": 1,
  "n_time_points": 126,
  "n_timeseries": 75,
  "n_variables": 5,
  "pandas-openscm_commit": "5e7824999d7589605ea8b60aa8dc86b2b44f724f",
  "pandas-openscm_version": "0.1.1a1",
  "platform_info": "macOS-14.3-arm64-arm-64bit",
  "python_version": "3.11.11",
  "test_case": "magicc_future_quantiles",
  "time_all_in_one_write": 0.0043746246956288815,
  "time_db_grouped_write": 0.03569991700351238,
  "time_db_grouped_write_parallel": 0.4682884579524398,
  "time_db_load": 0.011659666895866394,
  "time_db_load_parallel": 0.48583729239180684,
  "time_delete": 0.0006690421141684055,
  "time_groupby_write": 0.0247707087546587,
  "time_save_file_map_not_db": 0.0005631251260638237,
  "time_save_index_not_db": 0.0010138330981135368
}
