{
  "backend": "netCDF",
  "data_size_in_memory_MB": 91.94691753387451,
  "groupby": [
    "scenario",
    "variable"
  ],
  "index_as_category_type": false,
  "index_size_as_frame_in_memory_kb": 5865.36328125,
  "index_size_in_memory_kb": 169.2685546875,
  "max_workers": 4,
  "n_scenarios": 10,
  "n_time_points": 401,
  "n_timeseries": 30000,
  "n_variables": 5,
  "pandas-openscm_commit": "a5026e61e99f746e86e6a5b951762c7cc6c130ff",
  "pandas-openscm_version": "0.1.1a1",
  "platform_info": "macOS-14.3-arm64-arm-64bit",
  "python_version": "3.11.11",
  "test_case": "magicc_full_output",
  "time_all_in_one_write": 0.13374095829203725,
  "time_db_grouped_write": 0.38838700018823147,
  "time_db_grouped_write_parallel": 0.613319625146687,
  "time_db_load": 0.2795186252333224,
  "time_db_load_parallel": 0.6658412921242416,
  "time_delete": 0.005317999981343746,
  "time_groupby_write": 0.322069292422384,
  "time_save_file_map_not_db": 0.012115415651351213,
  "time_save_index_not_db": 0.013565583154559135
}
