{
  "backend": "feather",
  "data_size_in_memory_MB": 0.07415771484375,
  "groupby": [
    "scenario",
    "variable"
  ],
  "index_as_category_type": false,
  "index_size_as_frame_in_memory_kb": 14.7919921875,
  "index_size_in_memory_kb": 2.109375,
  "max_workers": 4,
  "n_scenarios": 1,
  "n_time_points": 126,
  "n_timeseries": 75,
  "n_variables": 5,
  "pandas-openscm_commit": "c43aafd55d835808acea4dc0b40658f72a5b8fdc-dirty",
  "pandas-openscm_version": "0.1.1a1",
  "platform_info": "macOS-14.3-arm64-arm-64bit",
  "python_version": "3.11.11",
  "test_case": "magicc_future_quantiles",
  "time_all_in_one_write": 0.0038986247964203358,
  "time_db_grouped_write": 0.02480483427643776,
  "time_db_grouped_write_parallel": 0.38094966672360897,
  "time_db_load": 0.012801167089492083,
  "time_db_load_parallel": 0.377081791870296,
  "time_delete": 0.001547291874885559,
  "time_groupby_write": 0.02355845831334591,
  "time_save_file_map_not_db": 0.00039808405563235283,
  "time_save_index_not_db": 0.0008815829642117023
}
