{
  "backend": "netCDF",
  "data_size_in_memory_MB": 9.21413803100586,
  "db_size_on_disk_MB": 9.485024452209473,
  "delete_time": 0.0013000830076634884,
  "groupby": null,
  "id": "full_scm_output",
  "index_as_category_type": false,
  "index_size_as_frame_in_memory_kb": 591.33984375,
  "index_size_in_memory_kb": 36.83984375,
  "load_time": 0.060428707860410213,
  "load_time_parallel": 0.6604365413077176,
  "max_workers": 8,
  "n_db_files": 1,
  "n_scenarios": 1,
  "n_time_points": 401,
  "n_timeseries": 3000,
  "n_variables": 5,
  "pandas-openscm_commit": "53479d6df2ca6c8ea5e5001221bdc25e3e86b4d8",
  "pandas-openscm_version": "0.1.1a1",
  "platform_info": "macOS-14.3-arm64-arm-64bit",
  "python_version": "3.11.11",
  "save_time": 0.1780277080833912,
  "save_time_parallel": 0.7319765421561897
}
