{
  "backend": "csv",
  "data_size_in_memory_MB": 0.07415771484375,
  "groupby": [
    "scenario",
    "variable"
  ],
  "index_as_category_type": false,
  "index_size_as_frame_in_memory_kb": 14.7919921875,
  "index_size_in_memory_kb": 2.109375,
  "max_workers": 4,
  "n_scenarios": 1,
  "n_time_points": 126,
  "n_timeseries": 75,
  "n_variables": 5,
  "pandas-openscm_commit": "a5026e61e99f746e86e6a5b951762c7cc6c130ff",
  "pandas-openscm_version": "0.1.1a1",
  "platform_info": "macOS-14.3-arm64-arm-64bit",
  "python_version": "3.11.11",
  "test_case": "magicc_future_quantiles",
  "time_all_in_one_write": 0.006162750069051981,
  "time_db_grouped_write": 0.011356249917298555,
  "time_db_grouped_write_parallel": 0.4524743747897446,
  "time_db_load": 0.0149894580245018,
  "time_db_load_parallel": 0.4513497082516551,
  "time_delete": 0.000702916644513607,
  "time_groupby_write": 0.009108916856348515,
  "time_save_file_map_not_db": 0.000315333716571331,
  "time_save_index_not_db": 0.0008062920533120632
}
