{
  "backend": "feather",
  "data_size_in_memory_MB": 9.213958740234375,
  "groupby": [
    "scenario",
    "variable"
  ],
  "index_as_category_type": false,
  "index_size_as_frame_in_memory_kb": 586.65234375,
  "index_size_in_memory_kb": 36.65625,
  "max_workers": 4,
  "n_scenarios": 1,
  "n_time_points": 401,
  "n_timeseries": 3000,
  "n_variables": 5,
  "pandas-openscm_commit": "5e7824999d7589605ea8b60aa8dc86b2b44f724f",
  "pandas-openscm_version": "0.1.1a1",
  "platform_info": "macOS-14.3-arm64-arm-64bit",
  "python_version": "3.11.11",
  "test_case": "magicc_full_output",
  "time_all_in_one_write": 0.027044124901294708,
  "time_db_grouped_write": 0.09682424971833825,
  "time_db_grouped_write_parallel": 0.41222712537273765,
  "time_db_load": 0.028780207969248295,
  "time_db_load_parallel": 0.3980063749477267,
  "time_delete": 0.0008085421286523342,
  "time_groupby_write": 0.10488474974408746,
  "time_save_file_map_not_db": 0.0007968754507601261,
  "time_save_index_not_db": 0.0015414170920848846
}
