{
  "backend": "feather",
  "data_size_in_memory_MB": 0.7305479049682617,
  "db_size_on_disk_MB": 3.2468948364257812,
  "delete_time": 0.0037489579990506172,
  "groupby": [
    "variable"
  ],
  "id": "scm_future_quantiles_output",
  "index_as_category_type": false,
  "index_size_as_frame_in_memory_kb": 148.517578125,
  "index_size_in_memory_kb": 9.7998046875,
  "load_time": 0.09916837513446808,
  "load_time_parallel": 0.7833895422518253,
  "max_workers": 8,
  "n_db_files": 50,
  "n_scenarios": 1,
  "n_time_points": 126,
  "n_timeseries": 750,
  "n_variables": 50,
  "pandas-openscm_commit": "53479d6df2ca6c8ea5e5001221bdc25e3e86b4d8",
  "pandas-openscm_version": "0.1.1a1",
  "platform_info": "macOS-14.3-arm64-arm-64bit",
  "python_version": "3.11.11",
  "save_time": 0.26269637513905764,
  "save_time_parallel": 0.8032249580137432
}
