{
  "backend": "netCDF",
  "data_size_in_memory_MB": 919.2786283493042,
  "db_size_on_disk_MB": 943.0606317520142,
  "delete_time": 0.022532875183969736,
  "groupby": null,
  "id": "full_scm_output",
  "index_as_category_type": false,
  "index_size_as_frame_in_memory_kb": 59384.89453125,
  "index_size_in_memory_kb": 1497.5654296875,
  "load_time": 1.1966219577006996,
  "load_time_parallel": 2.932845083065331,
  "max_workers": 8,
  "n_db_files": 1,
  "n_scenarios": 100,
  "n_time_points": 401,
  "n_timeseries": 300000,
  "n_variables": 5,
  "pandas-openscm_commit": "53479d6df2ca6c8ea5e5001221bdc25e3e86b4d8",
  "pandas-openscm_version": "0.1.1a1",
  "platform_info": "macOS-14.3-arm64-arm-64bit",
  "python_version": "3.11.11",
  "save_time": 1.131894167046994,
  "save_time_parallel": 2.8008201248012483
}
