{
  "backend": "csv",
  "data_size_in_memory_MB": 9.21413803100586,
  "db_size_on_disk_MB": 21.37020492553711,
  "delete_time": 0.0021657501347362995,
  "groupby": null,
  "id": "full_scm_output",
  "index_as_category_type": false,
  "index_size_as_frame_in_memory_kb": 591.33984375,
  "index_size_in_memory_kb": 36.83984375,
  "load_time": 0.11986737512052059,
  "load_time_parallel": 0.5444144997745752,
  "max_workers": 8,
  "n_db_files": 1,
  "n_scenarios": 1,
  "n_time_points": 401,
  "n_timeseries": 3000,
  "n_variables": 5,
  "pandas-openscm_commit": "53479d6df2ca6c8ea5e5001221bdc25e3e86b4d8",
  "pandas-openscm_version": "0.1.1a1",
  "platform_info": "macOS-14.3-arm64-arm-64bit",
  "python_version": "3.11.11",
  "save_time": 0.8110249168239534,
  "save_time_parallel": 1.2956537501886487
}
