{
  "backend": "feather",
  "data_size_in_memory_MB": 72.55442333221436,
  "db_size_on_disk_MB": 74.17716026306152,
  "delete_time": 0.002253917045891285,
  "groupby": [
    "variable"
  ],
  "id": "scm_future_quantiles_output",
  "index_as_category_type": false,
  "index_size_as_frame_in_memory_kb": 14918.830078125,
  "index_size_in_memory_kb": 467.6044921875,
  "load_time": 0.09308137511834502,
  "load_time_parallel": 0.8050480829551816,
  "max_workers": 8,
  "n_db_files": 5,
  "n_scenarios": 1000,
  "n_time_points": 126,
  "n_timeseries": 75000,
  "n_variables": 5,
  "pandas-openscm_commit": "53479d6df2ca6c8ea5e5001221bdc25e3e86b4d8",
  "pandas-openscm_version": "0.1.1a1",
  "platform_info": "macOS-14.3-arm64-arm-64bit",
  "python_version": "3.11.11",
  "save_time": 0.1357610421255231,
  "save_time_parallel": 0.8983204998075962
}
