{
  "backend": "csv",
  "data_size_in_memory_MB": 72.55424404144287,
  "groupby": [
    "scenario",
    "variable"
  ],
  "index_as_category_type": true,
  "index_size_as_frame_in_memory_kb": 14801.642578125,
  "index_size_in_memory_kb": 467.4208984375,
  "max_workers": 4,
  "n_scenarios": 1000,
  "n_time_points": 126,
  "n_timeseries": 75000,
  "n_variables": 5,
  "pandas-openscm_commit": "a5026e61e99f746e86e6a5b951762c7cc6c130ff",
  "pandas-openscm_version": "0.1.1a1",
  "platform_info": "macOS-14.3-arm64-arm-64bit",
  "python_version": "3.11.11",
  "test_case": "magicc_future_quantiles",
  "time_all_in_one_write": 5.643834375310689,
  "time_db_grouped_write": 9.396355833858252,
  "time_db_grouped_write_parallel": 4.38885479234159,
  "time_db_load": 5.9164282088167965,
  "time_db_load_parallel": 2.372064583003521,
  "time_delete": 0.24693533405661583,
  "time_groupby_write": 7.737924875225872,
  "time_save_file_map_not_db": 0.07492758287116885,
  "time_save_index_not_db": 0.06540366634726524
}
