{
  "backend": "feather",
  "data_size_in_memory_MB": 9.213958740234375,
  "groupby": [
    "scenario",
    "variable"
  ],
  "index_as_category_type": false,
  "index_size_as_frame_in_memory_kb": 586.65234375,
  "index_size_in_memory_kb": 36.65625,
  "max_workers": 4,
  "n_scenarios": 1,
  "n_time_points": 401,
  "n_timeseries": 3000,
  "n_variables": 5,
  "pandas-openscm_commit": "33bcf592aad6d4cbe4d066bff30e2c8c8c02bbf9-dirty",
  "pandas-openscm_version": "0.1.1a1",
  "platform_info": "macOS-14.3-arm64-arm-64bit",
  "python_version": "3.11.11",
  "test_case": "magicc_full_output",
  "time_all_in_one_write": 0.022270250134170055,
  "time_db_grouped_write": 0.09493091562762856,
  "time_db_grouped_write_parallel": 0.41686295811086893,
  "time_db_load": 0.03041295800358057,
  "time_db_load_parallel": 0.42918208288028836,
  "time_delete": 0.0008250419050455093,
  "time_groupby_write": 0.09859412536025047,
  "time_save_file_map_not_db": 0.0006387080065906048,
  "time_save_index_not_db": 0.0011565829627215862
}
