{
  "backend": "feather",
  "data_size_in_memory_MB": 9.213958740234375,
  "groupby": [
    "scenario",
    "variable"
  ],
  "index_as_category_type": false,
  "index_size_as_frame_in_memory_kb": 586.65234375,
  "index_size_in_memory_kb": 36.65625,
  "max_workers": 4,
  "n_scenarios": 1,
  "n_time_points": 401,
  "n_timeseries": 3000,
  "n_variables": 5,
  "pandas-openscm_commit": "c43aafd55d835808acea4dc0b40658f72a5b8fdc-dirty",
  "pandas-openscm_version": "0.1.1a1",
  "platform_info": "macOS-14.3-arm64-arm-64bit",
  "python_version": "3.11.11",
  "test_case": "magicc_full_output",
  "time_all_in_one_write": 0.031185667030513287,
  "time_db_grouped_write": 0.1060067918151617,
  "time_db_grouped_write_parallel": 0.4242271250113845,
  "time_db_load": 0.02902400027960539,
  "time_db_load_parallel": 0.39424462523311377,
  "time_delete": 0.0015842500142753124,
  "time_groupby_write": 0.12776054115965962,
  "time_save_file_map_not_db": 0.0006391671486198902,
  "time_save_index_not_db": 0.001227084081619978
}
