{
  "backend": "csv",
  "data_size_in_memory_MB": 7.250445365905762,
  "groupby": [
    "scenario",
    "variable"
  ],
  "index_as_category_type": false,
  "index_size_as_frame_in_memory_kb": 1473.029296875,
  "index_size_in_memory_kb": 41.6435546875,
  "max_workers": 4,
  "n_scenarios": 100,
  "n_time_points": 126,
  "n_timeseries": 7500,
  "n_variables": 5,
  "pandas-openscm_commit": "33bcf592aad6d4cbe4d066bff30e2c8c8c02bbf9-dirty",
  "pandas-openscm_version": "0.1.1a1",
  "platform_info": "macOS-14.3-arm64-arm-64bit",
  "python_version": "3.11.11",
  "test_case": "magicc_future_quantiles",
  "time_all_in_one_write": 0.543868166860193,
  "time_db_grouped_write": 1.100983708165586,
  "time_db_grouped_write_parallel": 0.7865635408088565,
  "time_db_load": 0.5343170422129333,
  "time_db_load_parallel": 0.5720877079293132,
  "time_delete": 0.022686291951686144,
  "time_groupby_write": 0.8117615422233939,
  "time_save_file_map_not_db": 0.007792042102664709,
  "time_save_index_not_db": 0.005688958335667849
}
