{
  "backend": "feather",
  "data_size_in_memory_MB": 91.94691753387451,
  "groupby": [
    "scenario",
    "variable"
  ],
  "index_as_category_type": false,
  "index_size_as_frame_in_memory_kb": 5865.36328125,
  "index_size_in_memory_kb": 169.2685546875,
  "max_workers": 4,
  "n_scenarios": 10,
  "n_time_points": 401,
  "n_timeseries": 30000,
  "n_variables": 5,
  "pandas-openscm_commit": "a5026e61e99f746e86e6a5b951762c7cc6c130ff",
  "pandas-openscm_version": "0.1.1a1",
  "platform_info": "macOS-14.3-arm64-arm-64bit",
  "python_version": "3.11.11",
  "test_case": "magicc_full_output",
  "time_all_in_one_write": 0.17626445787027478,
  "time_db_grouped_write": 0.9963246672414243,
  "time_db_grouped_write_parallel": 0.7065717079676688,
  "time_db_load": 0.2621897920034826,
  "time_db_load_parallel": 0.6007103752344847,
  "time_delete": 0.004642792046070099,
  "time_groupby_write": 0.9103662082925439,
  "time_save_file_map_not_db": 0.0018504168838262558,
  "time_save_index_not_db": 0.003942458890378475
}
