{
  "backend": "netCDF",
  "data_size_in_memory_MB": 725.4743528366089,
  "db_size_on_disk_MB": 785.3492593765259,
  "delete_time": 0.014310624916106462,
  "groupby": null,
  "id": "scm_future_quantiles_output",
  "index_as_category_type": false,
  "index_size_as_frame_in_memory_kb": 149918.830078125,
  "index_size_in_memory_kb": 4604.4873046875,
  "load_time": 1.2223480832763016,
  "load_time_parallel": 2.5118931247852743,
  "max_workers": 8,
  "n_db_files": 1,
  "n_scenarios": 10000,
  "n_time_points": 126,
  "n_timeseries": 750000,
  "n_variables": 5,
  "pandas-openscm_commit": "53479d6df2ca6c8ea5e5001221bdc25e3e86b4d8",
  "pandas-openscm_version": "0.1.1a1",
  "platform_info": "macOS-14.3-arm64-arm-64bit",
  "python_version": "3.11.11",
  "save_time": 1.078327250201255,
  "save_time_parallel": 2.7827645833604038
}
