{
  "backend": "feather",
  "data_size_in_memory_MB": 275.79828548431396,
  "groupby": [
    "scenario",
    "variable"
  ],
  "index_as_category_type": false,
  "index_size_as_frame_in_memory_kb": 17654.42578125,
  "index_size_in_memory_kb": 464.3193359375,
  "max_workers": 4,
  "n_scenarios": 30,
  "n_time_points": 401,
  "n_timeseries": 90000,
  "n_variables": 5,
  "pandas-openscm_commit": "a5026e61e99f746e86e6a5b951762c7cc6c130ff",
  "pandas-openscm_version": "0.1.1a1",
  "platform_info": "macOS-14.3-arm64-arm-64bit",
  "python_version": "3.11.11",
  "test_case": "magicc_full_output",
  "time_all_in_one_write": 0.17081929091364145,
  "time_db_grouped_write": 3.0225793328136206,
  "time_db_grouped_write_parallel": 1.397564415819943,
  "time_db_load": 0.7728016669861972,
  "time_db_load_parallel": 0.977491790894419,
  "time_delete": 0.010079207830131054,
  "time_groupby_write": 2.6375657082535326,
  "time_save_file_map_not_db": 0.004717208445072174,
  "time_save_index_not_db": 0.007734708953648806
}
