{
  "backend": "netCDF",
  "data_size_in_memory_MB": 0.07415771484375,
  "groupby": [
    "scenario",
    "variable"
  ],
  "index_as_category_type": true,
  "index_size_as_frame_in_memory_kb": 14.7919921875,
  "index_size_in_memory_kb": 2.109375,
  "max_workers": 4,
  "n_scenarios": 1,
  "n_time_points": 126,
  "n_timeseries": 75,
  "n_variables": 5,
  "pandas-openscm_commit": "c43aafd55d835808acea4dc0b40658f72a5b8fdc-dirty",
  "pandas-openscm_version": "0.1.1a1",
  "platform_info": "macOS-14.3-arm64-arm-64bit",
  "python_version": "3.11.11",
  "test_case": "magicc_future_quantiles",
  "time_all_in_one_write": 0.005488166585564613,
  "time_db_grouped_write": 0.03543670941144228,
  "time_db_grouped_write_parallel": 0.4392489166930318,
  "time_db_load": 0.02503733290359378,
  "time_db_load_parallel": 0.4422649163752794,
  "time_delete": 0.0009428341872990131,
  "time_groupby_write": 0.027874458115547895,
  "time_save_file_map_not_db": 0.00145333306863904,
  "time_save_index_not_db": 0.006672583054751158
}
